AGTTAGTT,0.867517039879
ACTTAATAGATCCAGA,0.999999806878
ACACTAAC,0.824028311096
CCCAGATA,0.89722115419
GACGTAATCTGTGCGG,0.99999996344
TGAGTGAG,0.925886662333
GCGAGAATTCTTGAGGTCATTCTT,1.0
ACATCGGA,0.967028808683
GCGTTGTG,0.941857607423
TCTATGAAATAGCAAA,0.99999321028
ACCCGCAG,0.953799352093
TGACACCT,0.947156945954
TGGAAGGGCCGAGACC,0.999999879861
AAACTTCC,0.927301988067
TCTACGGA,0.954762475212
TGTTCAGGAGCACGAG,0.999999994875
CTAACCGA,0.837394647109
ACGTGACA,0.946714694834
GTAACATCAGCAACGG,0.999999953253
GGGCGAAA,0.910319482756
CCGCAAAG,0.930830870304
CCAGCAATCATATGCG,0.999999995289
TGTACATC,0.854693649909
GTCATGGC,0.961755842372
CAGATTTCAGTGCACT,0.999999971275
AGTGAAAC,0.852470555846
CTCACAGC,0.979698841287
ACCAGCGGGACCCATG,0.999999997264
TTCTGTGA,0.848744970914
TCCTAGAAGAGTTGATATCGGAGC,1.0
GTGGGCGC,0.959937155057
GAACACCT,0.919327564001
CCTACTCGTAACTGCA,0.999999885779
GCTGACAG,0.959239487778
GTTGGGCT,0.949105337411
AGCAGGAATCGGCAAA,0.999999615322
CGCAACAC,0.973741887676
TATGACCT,0.663106297835
AACGCCAATCAACATC,0.999999159352
CATCCCTC,0.901915345278
GTTTAGGA,0.861681377986
GGCGTATTATTCGACC,0.999999950357
GGGGTTTT,0.890325365123
ATGGCAACAATGACGCTGCAGCTTTGCGTGCA,1.0
TGAATGGG,0.945292266114
TTCATACCTTCCCCTG,0.999999989777
CATCCACT,0.912091497907
CGTACTAA,0.799832130089
TATTCTGGTTCCGTCC,0.999999817458
TCAGACAA,0.873330695159
ATAATCAA,0.623751705996
CGGCTTCCCGTCGACA,0.999999999719
TGCCATGG,0.979534093167
ACGTTTCC,0.959350228659
GTTTACCGATTACACG,0.99999989809
GAAGATAT,0.63100698775
CTGTCTAG,0.831027735726
TATCGACCCGGGAAAT,0.99999954882
CAGAGCAT,0.906649075136
ATATCCAA,0.693520726107
AGCTGATTCTCTACAC,0.999999973404
GTATCATA,0.659340859221
ACGACTGT,0.91188373255
GTGGTAGTCAATCGAA,0.999999790534
TGGCCGTT,0.935307399149
TACTGCCG,0.934097051358
CGTGCGAAATTGTTCG,0.999999982872
CATCCAGC,0.96020595331
GCCTTGTG,0.979805583219
CATACGGTTTCGGGCG,0.999999993686
TCTGCGGG,0.948036184862
TAAACCAC,0.759785001503
GTAATTGAGGATCGGA,0.999999516043
TATGCCGC,0.962523768885
GTTCGATT,0.838830654539
GATACAATGGTCGGCA,0.999999916862
TAGGAACA,0.854203008921
CCTGAGTT,0.853697788493
ACGACCTTACGAACCA,0.999999978518
TAGGCAGG,0.897295257828
ACGTCAGA,0.941869321508
CACCACCTTTTATCCT,0.999888066067
ATGGGTAG,0.809432766792
CAGTAGGG,0.934802650565
TTTAAACGCAGTGGGG,0.999999910684
AACATGTT,0.821361917435
CGCCTACA,0.949816037525
GGCCATCTTTCAGCGA,0.999999995781
ACTAACGA,0.88988629172
AAGTTCCC,0.950823118198
GCCCGGCTGGACGCAT,0.999999994735
CGCCATCA,0.968683760593
TTGTGGCA,0.946310416585
CTGATATTGAGCCGAG,0.999999957582
CGTCCTGG,0.978030067898
CTGAGATA,0.719964154065
TTTGCTTTATTGTTGA,0.999999836388
CCTGAGGG,0.950052831049
TGAAACCC,0.960523321515
CGACGTAGGTGCGGTA,0.999999992137
CCGTCACA,0.95597768659
ACACAGAA,0.888193666698
CTTGACCGACACGCGT,0.999999987828
AGAAATTT,0.785777987492
GAGGACTG,0.918927745541
AGCCATAATAGGGAAC,0.999999903652
CCCAGTCA,0.979628897102
TTCAGGTC,0.887482509022
ATTACCGTCCTTGTAC,0.999999119394
CTTCTAGA,0.892150534003
CCTCCCTC,0.958585262136
CTAGTTCGCCACTAAT,0.999989722788
GTTGTGAC,0.893117888458
TTCGCTCG,0.952453580529
ACAGGTGTGTCGAACG,0.999999991291
GGCGTAGC,0.93464991279
CCGAATGC,0.972534969266
CGGTCTCACTGGGATG,0.999999997468
ACTACCTG,0.896127643382
GTGCTGGT,0.921877327507
ACACTACAGCAGTAAA,0.999999873908
TAACTCAC,0.776263461591
AAACCCAA,0.894689915478
ACAATTTAGAAAGCAC,0.999999800626
ACCACCAA,0.908056461672
CTGCGTAT,0.780409405932
TCCACCTATCGAAGGA,0.99999998553
CTACACCT,0.863070240746
ACATTAAA,0.725087504773
TAGACCGGGGTGCGCT,0.999999998493
TATATCGA,0.621115601032
CGTGGTTT,0.876030985713
GTAATCCATTGTGCGC,0.999999889236
GAAAGTGG,0.912792679161
GTTAGGCC,0.902891484597
TTGCTCCTAATCGTCG,0.999999985237
GGCTTAAG,0.874563808771
ATGCGTTG,0.838313925458
AACCAGTTATCCCGCA,0.999999993118
GACTTGAG,0.907608947662
ACGGTAAT,0.769561709681
CTCTTTGGCGAGGTAA,0.999971632651
TTTGCATT,0.854707832585
CCGCGGAC,0.960303609519
TCTGGGGTTGTCAACT,0.999999970324
GAACGCAT,0.870996790432
CAAGAGCT,0.929327142006
TTCCCTGCTACTCAAC,0.999999967564
TCACTCCG,0.956693976643
TTGTATAA,0.559581990589
GACGCCCATTGCTGGA,0.99999999492
AGTCACCT,0.947681076093
GTGCAACC,0.948393630601
GGGTTCGAGTCTCAAA,0.999999936341
CTCGCCAG,0.942009630315
GTCTTAAT,0.731635065232
TTAGCTAGATCTCCAC,0.999999115341
GCGACCTA,0.872357259335
CAAAACAC,0.921391060022
TGTAGAAATACGGCTG,0.999999624065
GCGCAAGC,0.983231194552
TCTATACT,0.783191240987
AAGGTATTGGCGCATG,0.999999868065
AGCGTTCA,0.938066905923
CCGGCACC,0.988073504489
CATGTGGTTCACTTCA,0.999998890047
GAACGAGT,0.896819476269
CTAAGCTA,0.713795116773
CCTGCTGGCCGATGCG,0.99999997883
AGGCCACG,0.971632935662
TTAGGCGC,0.884991522509
CCTAGGTGTTGGCGGC,0.999999991966
GGTTGTAG,0.825966669133
ACAGTCTT,0.89836532761
CCGCCCGGTCGGGTAG,0.999992816531
ACGCAGAG,0.934646381573
CGCACTTA,0.901292312517
CGCGAGGGACAGGGTG,0.999999994672
GGACCTCC,0.964833162646
CTTTGGTC,0.880318683971
TAACGGCAAGGTCGAA,0.999999960032
GGGGCCCT,0.977159108548
CCACTTTC,0.900963442945
CTCGTGCGCGCCACCT,0.999999999839
ATATTTCT,0.688824713602
GAGACCCC,0.957091698701
GGCGCTGAGCTATTCC,0.999999995054
GTGTACGC,0.972454009152
CCCGCGTT,0.942113411298
ATTAAGGGTGCCCGCT,0.999998136027
TAGATCAT,0.814304641654
TATGTTTG,0.801509892909
CGTGTCCGTGTCTGAC,0.999999220263
CACGTTGA,0.927612696478
TGGGCGTC,0.91796319866
GAGCAAGTGGGAATAG,0.999999934974
ATCCCGGG,0.927700090385
GTTAATAT,0.598862691764
GAAGAGCAGCTAACGG,0.99999998306
TGTTAAAG,0.839172880332
AGGAACGT,0.933165587191
AATTATTTCGCCTTTC,0.999982598532
CTGGGGGG,0.963316069288
CGCCAAAG,0.938880398329
TGTTACAACAGTCCGG,0.999999714635
CCGGTTAC,0.886044414143
CTCAGCCC,0.977302159167
AGCATTGAGAGGTATA,0.999987793122
TGCATATG,0.8750364274
TCAGCGTT,0.900773006263
CCACAACTATTTGTGA,0.999999894402
GCCATTAG,0.877428385007
TGACCGCC,0.978946655379
TGCGTACCGGGTCACA,0.999999998504
TTTCGCAC,0.914206283622
CAATGTAT,0.677815222708
ATACGACATATCACAC,0.999998422159
TGCAGAAT,0.874031789253
CTACCCGAGCGGCTTA,0.999999029625
GTAGTACG,0.898919623463
GTAGAAGG,0.915152503643
GCCGACATCCTGAGAG,0.99999993889
AATCCCAC,0.892422714522
AATAAGCG,0.87028456865
CGAAGAGAGTGTTGAG,0.999999976212
TAGCGTTG,0.816750418033
ACCCAATT,0.869457038786
GTCTGGTCGTAAGTAT,0.999999578172
AGACGCGC,0.987832103009
AATCAGAC,0.889773110597
TCCTCAAGGACCTGTG,0.99999998219
TCCCGCGA,0.960791806495
AAACTATG,0.763459387553
CGCTTTTCTGGGTTTC,0.999999975171
CCTCTCTC,0.954348925374
CTAGTATAGGGTGGATGCCCCGTA,1.0
GGTTTGAG,0.942608312959
AGACGTTT,0.81605008692
CCGTGCCGTTGTTAAG,0.999999983489
CGCCGTCA,0.973701052244
ATTAGGTA,0.558920211299
TACCAGGAGACATACC,0.999998589183
ATGTTATGTGGGCCAG,0.999627988205
ACGGTCCT,0.953833669253
AAACTCGTCATGTCTA,0.999999862853
TCAGGTAG,0.853865914497
AACGATAT,0.644029788538
CTGGACATTTGGTGTA,0.999999944806
TTGGGGCT,0.915189997263
GCACCTTC,0.955041252199
ATATGTCCGGGTGCAT,0.999999938882
CCGGAAAG,0.925084799072
CGTGTATG,0.868374097947
GTTTTAGCAGGCCAGA,0.999999983894
GAGGCGCA,0.945558457288
GTCGAAGCGCCCGACCATGGTCAC,1.0
GGCAGGGA,0.966413426151
TAACACATGAATGTAAAAGTCGGC,1.0
CCACGATG,0.915971136927
AATATTTT,0.626977085924
CTCCGAGATGTGGCTG,0.999812714618
TCATGGGG,0.961672828528
GTCACTAT,0.732525882481
TCGGTAAAGTGTTTTC,0.999999557837
CGTAGTGT,0.943152324634
TGCGTCTG,0.923397354737
GGAGATTTACAAAGCT,0.999999940346
ACGTCTCT,0.949940096888
AGCCATCC,0.959635289913
AGCTTTACCCGTGAAA,0.999998950082
TGATGACG,0.957131506457
TTAGCCGT,0.902554271426
TATGTATCGTGCTATT,0.999998796116
CCGTCTTT,0.851613856177
CGCTTATA,0.640090159206
CGCTAACTTAGGCAAG,0.999999983896
CTTCCATG,0.893066595921
AGGCGGCT,0.958247030241
AGTGTAACCGTCGTCG,0.999999990659
TCCGACCT,0.934297693541
AAGGCCTT,0.926664379404
CGCTACTGGCTGTCAT,0.999999839117
GGACCGGA,0.920155087294
CCAACGGA,0.9675429046
TAGGGCCCAATAGCCT,0.999999976344
GCTTTAAC,0.854515660102
GCTATGGC,0.927954036538
CCTCGCGCACAGTAAG,0.999999994639
ATGTAGGC,0.938531865618
GAAGTGTGATGCACATCTCTGTCC,1.0
GCATAGTA,0.814992500539
AGACCCAC,0.925344344189
TGGGCGGAGCGCGGAA,0.999999997927
CCCCGGGG,0.964252977802
TCCACAGA,0.950229901689
CATTACAGGGATTGTT,0.999999876113
AATTGCTA,0.69466545074
GAAACTGA,0.890628441681
TAAGAAAGGAGTCTTC,0.999999635827
CGACCCTG,0.945246821989
CCGGGGGA,0.975006660748
TTCTGCATCGTTTTAT,0.999999765984
CCCACCGT,0.986161895045
TGAGGGAGTCGGTTTGTAACTCTC,1.0
AGCCCCAT,0.954106031598
GGCGGACG,0.981039415835
GGTCAGTGGTCCAACA,0.999999962868
ACCGACTT,0.899256837056
CCTCGAAT,0.854993557492
AGCGGGTCGTCAAAAG,0.999999941351
AACTTGCA,0.946330530354
TGCTTACC,0.945217354124
AGCTGTAAATGCCCAT,0.999999917293
CGTTCCGG,0.983814664681
ACCTGAGCGCTGCCCCTAGGGATG,1.0
CGGCCGCT,0.990996172572
TATAGATA,0.427749304765
TTGTGCCGATAGGTGA,0.999999983093
AATTAGGA,0.783580943605
CATACTCA,0.871336476512
TTGCGTCAACACGTGC,0.999999994256
ACGGTGGT,0.977876947197
ACTATGCT,0.915446530251
TAGTACAAAATACTAG,0.999997326992
AACTGTCG,0.936145266879
GGCATTTC,0.905558133594
AAAGTACTTACCACGT,0.999999781414
TGATTGTA,0.765012781121
GACGGTTG,0.932156071779
CTAAATCTTTTCCATT,0.999999367058
AACTCTTC,0.876231214845
TGACCCCA,0.954477112772
AATCACAACGTGAATT,0.999999844357
TGTAAGCG,0.930290769689
TCGCATGC,0.978611355264
TGTCTGGAAACGTGCA,0.999999988392
CAACAGCT,0.959440587417
CCCCGCACCAGTATTTTAGGGCGG,1.0
CTCGACTG,0.857783796214
GTCTAATT,0.745137012619
CATCGTAGGGGATACC,0.999999971968
CTGATTTG,0.897118379554
CCAGGTCT,0.929061558909
ATGGACAGTTACTATT,0.999999094743
ACACTTCT,0.893531471052
CTGCACTT,0.862161700446
CTGCAGGTCAACGTCA,0.999999991493
TAAGCAAG,0.726894521782
AGTTTCGA,0.942973722617
ACATGCTCTACTCCGT,0.99999986761
CACCACGG,0.967198230898
AAGAGATG,0.874577872335
TTACTGCTTCGCAGAA,0.999999655873
CATTGTAA,0.755749463401
GAAAATTA,0.603802465092
ACGTTCCTTTGTTCCA,0.999999912705
CCTCCACC,0.981109791381
TGTGCAGT,0.895336805425
GCCAGTTTCCTTCATG,0.999999874524
TGAGTCTG,0.897938584974
ATGTGAAT,0.743441592386
GGATCCCATACCGCGT,0.999999999399
ACTTAGCA,0.912360807474
CACACCCT,0.952518399044
AAATCAAACGAGGCAC,0.999999891142
CTGCACCG,0.962089119506
ACAGAATT,0.796693396022
CGCAAACGTTTTTCCC,0.999999973555
CAGGAGTG,0.913412443086
GTCATCAATAGAATCGCGGAGTGA,1.0
ATTGATTC,0.82671346182
CCATCTCG,0.971550981573
GGTAAAATGGCCAGGA,0.999999951856
CGATGCCT,0.928638598607
GTGTCAGT,0.929293633189
GGCTCCCTATTTAGGC,0.999999996573
GATGCAAG,0.859886412501
GTACGACC,0.892736312793
ATCCTACCAAATTGGT,0.999999967987
GCCCGGGT,0.936045731176
GCTAGTCA,0.943610015066
AAAGGCACTCCCCCAT,0.999999995711
ATGTCACG,0.940663074946
GTGAGTCC,0.937130569658
TGACAGCACCAAGCGA,0.999999995038
TTCTCCTG,0.927097727101
TGTGCCTC,0.947734349645
GGTGACACTAGGGTCG,0.999999983565
GGCAGCGT,0.955899858526
GACCCCGC,0.939571068302
GCGTAACCACATGCGC,0.999999994733
TCCTAAAC,0.859243981211
CTGAGTCA,0.884118021079
GCGCATTCGGGACATG,0.999999993398
ACTAAGGA,0.908648178867
ATAAAGCT,0.695888432604
ATACACCAGGTTCGGC,0.99999999182
ACGCTTAA,0.816078743412
TGGACACT,0.929656850812
GCCGCCTATCAAATGC,0.999999996416
GGATCGAG,0.944665708748
TCTTCTAT,0.754277578727
GCGGTCGACGCCTTAC,0.999377629376
TTCACATC,0.838524234783
AGCCTTTT,0.881366511879
CTTTAAAGTATACGGG,0.999999641098
CCTGTTCC,0.959643573193
CGACAACTCCGCAACCAACCTTCA,0.999992822121
CAGGTGAG,0.930423353398
AACGACTA,0.713924784692
CGCTGGATGTTCCGCA,0.999999998374
TTCCATCG,0.95433707327
GTAGCGAGGATTCCGT,0.999999912455
ACCTAGAC,0.896496912838
ATCAAAGT,0.844220357016
GAGTGGTTACATCTTC,0.999999867682
GAAAAGAG,0.895931976822
CCGTCAGC,0.976704525243
TCGAGCAGACTCAAGT,0.999999841851
GTAGAGGG,0.921897928388
GAGTTAAG,0.830382526196
CTGTCAAATCCTAAGG,0.999999942483
ATCGACTC,0.858727153236
CCCAGGTG,0.969616534993
GGCATGCCCTCTTACT,0.999999982451
TCTGTATG,0.805426628215
GGACTCGA,0.931147810222
CAGACAGGAGGTTAGC,0.999999986318
CCGCTTAG,0.850489543304
GCTGGTTA,0.72485755574
GTTCGCGCGGTACGAG,0.999999988866
ACATCCGT,0.936262810821
GGCACCGT,0.977341976434
ATACGCCCCGCCGGTA,0.999999989371
GGTCCCCC,0.987693266731
AAAATTCT,0.81325008939
AAGCCACGACGAAGTT,0.999999990155
ATGCCCGA,0.923695443476
GGTAGCGT,0.916557535742
ACTCGCGAAGGCTATG,0.999377621159
GAAGAACC,0.931608695706
ACTATGAT,0.788112419841
GGAAGCAGAGTAACGA,0.999999951885
ACGCTCAG,0.9751931697
CCATATTT,0.723530945593
CTGATGTGCAATACCG,0.999999979673
TTGCCGTC,0.928519384184
TCGGCTGT,0.942250864666
ATAGTAGGTACTGTCA,0.999999746616
GGCTGAAC,0.930046308293
CAACCGAC,0.924879791391
GCACATAGTGCTTGTA,0.99999886434
AACAAGGC,0.948777136897
TCTGTCTT,0.84554834705
GATTTTACCAATGCTT,0.99996553674
CGGATGCG,0.940520936622
GAGGATATTTACCTCCTCACGGGA,1.0
GAAAGCTC,0.900286822778
AGCCCCCT,0.96846436283
GACGTGTAAACTAATT,0.999999572835
TGTTTCAG,0.932861916212
CCGGAAGG,0.978801562438
GCCAATGTCCTGAAGA,0.999999973184
TTCAGCAC,0.908098466619
GGTTAGTCCGTCATTTTATTCCGG,1.0
CTAAGAGC,0.861500304383
CATCAGTA,0.777712623242
TAATAGCTACAAGGTA,0.999998454688
TAATGGAG,0.794884019216
AGGTCGGA,0.950615625335
CATCACAGAGGCTCGG,0.999999983026
CAATACAG,0.854183102234
CCAGCACG,0.961764911733
CTTGCTGCTAAGTCGC,0.999999917231
ACACTCGA,0.93555010747
ATACATAT,0.476020132694
AGAACGGCGGGGTATA,0.973528061249
GCGCAGAC,0.960905396056
GGAAGCTG,0.958291896978
AGCCCAAGCCATGCCA,0.999999923797
CTGTATAG,0.6726197132
ACCCGACT,0.940211065488
GGATCAATCCAACTTT,0.999999926291
TTCCGTGG,0.949650545407
CCGCATGA,0.947642264076
CTCGAAACCGGTGCGT,0.999999994806
TCGCTGAT,0.901768867531
GGAGTACC,0.954518206627
TGTTCCCAGGGAGCCC,0.999999997158
CTCACGTA,0.842752408814
ATCGTCTG,0.90152465608
TGAGCACTCTCGACGT,0.999999993185
GTAAGTGA,0.827492491674
GCAGGTTG,0.930377536884
CGATGCTCGATACTCC,0.999982954778
GAGAACGC,0.939755848277
CCCATTAC,0.85834080074
ACTATGGGATCTCTCG,0.999999968428
ATGAGACC,0.89838740118
ATTTTAAT,0.603442969947
TCGACTATTCTTAGGA,0.999966142297
TACCTTGA,0.895527647399
TACCACCC,0.893577478538
CATTATACCCACATAT,0.999990098691
CGATAGAA,0.877230945965
GTAGCAAG,0.865474919886
TGTGTGACTGAGCATG,0.999971539006
CGTCGCCT,0.975960470172
CACAAGCG,0.977121843491
GAATCATGACCGGCCA,0.999999972169
CAAAACTG,0.909962448629
GCCAGCGA,0.981488741447
GCTAACCTGGAGTAGC,0.999991455857
ATAATGAC,0.714143932786
TAGAAAAT,0.565775265239
GGATTTTCACACTGCT,0.999999986569
GTCTAACA,0.896187763635
TTACGACG,0.885724131829
GGGCTTGTGCTACAGG,0.999999984796
GATAGGCT,0.856971348931
GAACTTAC,0.81050467168
GGGTGGTCAAGATCCG,0.999999987414
CATGAGGC,0.955929265173
TGATTGCT,0.929628466855
GTAGGTTTACACATCA,0.999987872311
AATGTAGT,0.820298882586
TTTGCTCT,0.849103415472
GGTGTGGTCGATCCAC,0.999999985832
CAAGCATC,0.911571187661
TCGTGACT,0.925153044785
CGGTACCAACGATCTG,0.999999990226
CGGACGAT,0.916425958263
GCGAGACG,0.975320264701
TACAAGAAAACTCAGA,0.999998431534
GAGCGTAG,0.81298668215
TAGAGCAA,0.75817838831
ACAGAGCTGCCTCCTG,0.999999983787
TCTTTAAG,0.813248949706
TTTTGCTA,0.702876174763
TAGAGGTTCCTGGAAC,0.999999820807
TAGTGACA,0.801748729358
ATTTTGGC,0.917299857624
GCATTAGCCACTCTAC,0.999996335741
GGGGGTGT,0.952489622523
TCGGGGCG,0.966191783263
GTAGCCCTGAACAATA,0.999999874884
ATCATGCA,0.894332936052
TTGACCTG,0.896291163223
TTGGACAAAGAGGTCC,0.99999999236
TTCAAGTG,0.912540234712
TTCGAACA,0.933678820904
AGATCTGGATAAGCCT,0.999987630762
GAACACTC,0.884475738733
ACGTTATG,0.870836399483
ACCGGTCACGAATCCC,0.999999987843
ACAACGGG,0.969196055585
AAGATCTT,0.80930569328
GGAGCGGATTGCCTAA,0.999999983464
CTCTGCGCGATGTACG,0.999999974364
GTGATCCC,0.966575101512
TGTTGCAAAATGCGTC,0.999999986132
CGAAAAAG,0.879477551261
CCTCCAGG,0.981125477658
TATGTGATACTGGGGC,0.999999874753
CTAGTAAT,0.654008033647
ATAAGCTG,0.765624681288
AACGAACGTGGTCTGG,0.999999990918
GACAGGCG,0.975954286205
CTTGACTT,0.823590969314
AATTTCATCGCGCCGC,0.99999998909
GTGTAGGT,0.915494724375
CGTTCAGCTTAACGACAAACTACA,1.0
TGGATCGC,0.979529374365
GAGCTTAG,0.854925860306
GCTCTGAGTACATACA,0.999999965636
ACACGAGC,0.961883745266
CATAAGAT,0.798009203447
CATTTTTCGTCGCGTT,0.999999871489
GTTTCCCA,0.926887139528
CTTTGACG,0.959246652363
GTTCCCTCCTAGCATC,0.99999998453
TCTGTGGA,0.914985571232
CAGTTGTT,0.899818097207
TATCCGCTCCAGCTCG,0.999999897769
CGCCTGAC,0.941648926238
TTAGAGGA,0.875890250661
CCTGTGCTCTGGCTAC,0.999999948863
AAAATAAG,0.708418415304
TAATACAA,0.582607829415
TGACGGTCTGCTGTTC,0.999999444743
GTGTGCGA,0.92863581215
AGTATATG,0.724339426557
TGCACCCCCTCGTGAG,0.999999999598
TATCCCTA,0.618054688074
CTGACGTT,0.898907661319
GACAATGCCAGGGTAC,0.999999968051
CTAGGCAC,0.891642120016
CTCGTCCT,0.945732713583
AAAGCAAAAAGGGTAT,0.999999291325
CTGTGTCC,0.912338309273
TACCAGAA,0.85135385308
GTCCGCTGTGGCCCAT,0.999999947348
CTGGGGAC,0.908250350559
GCACGATC,0.917397575041
AACTCCAATGGGACAA,0.999999946487
GCGGCGCA,0.988712336121
TGTATCCG,0.939535392494
AAAAAGTGCCCACTAG,0.999999912939
CGGTAAGG,0.914808061621
CAGCTCTT,0.904993218218
TGAGAACTACTAAGCC,0.999999890864
TGCCACTT,0.911998001399
GCAATCCT,0.946871806571
TTCTGACACGATACCT,0.999999967436
TTACTTTT,0.691963718926
CTAAAGGTCAGCGGCGGTCCGTTT,1.0
GACCTCGT,0.927184605482
CCGATGGA,0.948213911778
CAAGAACTCGACACAT,0.999999971223
ACGACTTT,0.83973472337
GTATTAGG,0.80018051868
TCGTATCCATGATGGG,0.999999991365
TGTGGGGG,0.948527244716
TATCGGGC,0.828437172024
GTTGTTGGGGTACGCA,0.999999992337
TGACAACA,0.916910636557
CGGCCCGG,0.988231715073
CTATTTCAAATACACG,0.999998899517
GGGCAACC,0.974966254568
